City,Lat,Lng,Max Temp (F),Humidity (%),Cloudiness (%),Wind Speed (MPH),Country,Date
busselton,-33.65,115.3333,61.0,75,57,4.0,AU,1612916456
kamenka,51.3223,42.7678,12.0,90,100,10.45,RU,1612916148
port alfred,-7.0349,29.7638,73.94,73,100,4.0,CD,1612916114
broome,42.2506,-75.833,21.2,73,90,8.05,US,1612916297
maragogi,-9.0122,-35.2225,78.4,77,27,6.02,BR,1612916636
atuona,-9.8,-139.0333,79.68,72,51,16.89,PF,1612916457
sangar,63.9242,127.4739,-23.12,84,0,5.88,RU,1612916457
punta arenas,8.9897,125.34,79.14,82,22,5.01,PH,1612916117
kungurtug,50.5994,97.5228,22.55,91,98,1.68,RU,1612916458
dikson,73.5069,80.5464,-29.6,86,97,10.2,RU,1612916093
jamestown,42.097,-79.2353,19.99,86,90,5.75,US,1612916458
rikitea,-23.1203,-134.9692,79.2,69,34,5.35,PF,1612916459
mys shmidta,62.0589,48.6201,-13.92,87,82,4.7,RU,1612916102
bredasdorp,-34.5322,20.0403,57.2,94,36,1.14,ZA,1612916144
lebu,-37.6167,-73.65,62.24,80,3,11.3,CL,1612916459
nhulunbuy,-12.2333,136.7667,86.0,74,75,13.8,AU,1612916234
tignere,7.3667,12.65,65.25,23,26,2.28,CM,1612916460
albany,42.6001,-73.9662,23.0,72,85,4.18,US,1612916460
praia da vitoria,14.9215,-23.5087,68.0,77,0,11.5,CV,1612916489
ketchikan,55.3422,-131.6461,19.4,53,20,6.91,US,1612916461
port elizabeth,-7.0349,29.7638,73.94,73,100,4.0,CD,1612916114
upernavik,72.7868,-56.1549,9.97,75,11,1.32,GL,1612916462
kapaa,22.0752,-159.319,73.4,49,40,19.57,US,1612916091
mar del plata,43.4002,-4.0094,50.0,66,20,6.91,ES,1612916148
poum,-20.2333,164.0167,80.69,70,0,12.15,NC,1612916158
hasilpur,29.7122,72.5553,57.2,38,0,7.56,PK,1612916463
chuy,-33.6971,-53.4616,67.14,88,0,5.66,UY,1612916111
vardo,70.3705,31.1107,17.6,86,75,14.97,NO,1612916298
hobart,-42.8794,147.3294,66.0,48,20,5.75,AU,1612916094
tingo maria,-0.9,-79.05,53.6,82,75,11.5,EC,1612916463
gimli,50.6336,-96.9907,-11.2,53,100,1.14,CA,1612916464
butaritari,3.0707,172.7902,81.37,82,50,14.32,KI,1612916177
cape town,-36.413,-71.9028,80.6,50,0,6.91,CL,1612916115
biskamzha,53.4497,89.5272,-4.58,87,98,7.76,RU,1612916465
ambovombe,-25.1667,46.0833,75.34,83,100,2.17,MG,1612916465
lata,40.1629,-8.3327,57.0,91,87,4.0,PT,1612916190
jalu,29.0331,21.5482,58.05,33,100,6.4,LY,1612916178
ushuaia,-54.8,-68.3,68.0,64,0,3.44,AR,1612916466
east london,65.0,-15.0,21.2,100,90,2.3,IS,1612916076
tiksi,71.6872,128.8694,-15.32,81,100,1.72,RU,1612916467
barrow,71.2906,-156.7887,-23.8,62,1,16.11,US,1612916304
berezniki,59.4152,56.8124,-24.0,75,93,4.7,RU,1612916418
haines junction,59.2286,-135.4441,1.4,35,1,8.05,US,1612916073
liling,27.6667,113.5,48.2,100,75,4.47,CN,1612916468
chokurdakh,70.6333,147.9167,-14.84,87,13,3.2,RU,1612916468
nouadhibou,20.931,-17.0347,62.6,82,0,16.11,MR,1612916237
puerto ayora,36.5939,-6.233,57.2,100,75,21.85,ES,1612915925
amazar,53.858,120.875,-2.0,90,70,2.17,RU,1612916469
bambous virieux,-20.2567,57.4061,77.0,83,40,1.14,MU,1612916160
kruisfontein,-34.0033,24.7314,62.01,93,32,1.01,ZA,1612916470
ereymentau,51.6199,73.1033,-19.52,87,99,18.19,KZ,1612916470
victoria,22.2855,114.1577,63.0,89,99,12.26,HK,1612916341
miri,4.4148,114.0089,78.8,94,20,1.81,MY,1612916227
russell,32.3502,-85.1999,61.0,94,90,0.92,US,1612916470
qaanaaq,77.484,-69.3632,14.31,72,0,2.55,GL,1612916471
martinsville,36.6915,-79.8725,53.6,66,1,3.69,US,1612916258
urumqi,43.801,87.6005,24.8,93,75,4.47,CN,1612916471
pangai,-19.8,-174.35,80.6,89,75,13.8,TO,1612916472
georgetown,5.4112,100.3354,81.0,88,20,2.3,MY,1612916472
caraquet,47.7941,-64.9386,14.0,48,0,11.5,CA,1612916185
carutapera,-1.195,-46.02,79.86,78,95,6.44,BR,1612916296
mataura,-46.1927,168.8643,50.13,93,100,9.48,NZ,1612916473
dhidhdhoo,6.8833,73.1,81.12,69,11,6.69,MV,1612916473
ancud,-41.8697,-73.8203,75.2,43,0,4.61,CL,1612916180
payson,40.0444,-111.7321,41.0,87,90,3.44,US,1612916474
champasak,14.75,106.0,66.2,100,90,2.3,LA,1612916474
hithadhoo,-0.6,73.0833,81.97,81,76,14.2,MV,1612916474
axim,4.8699,-2.2405,80.42,85,86,8.14,GH,1612916474
nantucket,41.2835,-70.0995,35.01,100,90,11.5,US,1612916440
coruripe,-10.1256,-36.1756,77.38,81,4,7.78,BR,1612916475
sao borja,20.5113,76.2129,62.15,27,10,2.8,IN,1612916475
illapel,-31.6308,-71.1653,67.98,55,0,2.95,CL,1612916475
codrington,-38.2667,141.9667,74.89,49,0,6.49,AU,1612916171
kodiak,57.79,-152.4072,33.8,93,90,5.91,US,1612916149
hermanus,-34.4187,19.2345,65.53,88,23,9.04,ZA,1612916476
bluff,-46.6,168.3333,53.87,92,100,15.48,NZ,1612916477
formosa,-26.1775,-58.1781,71.6,83,75,13.8,AR,1612916300
husavik,66.0449,-17.3389,23.0,93,90,3.44,IS,1612916478
sao filipe,20.5113,76.2129,62.15,27,10,2.8,IN,1612916478
pemba,-12.974,40.5178,77.0,94,75,12.66,MZ,1612916478
castro,-24.7911,-50.0119,60.4,89,93,6.55,BR,1612916479
thompson,55.7435,-97.8558,-23.8,69,75,3.44,CA,1612916479
torbay,47.6666,-52.7314,30.99,86,90,27.63,CA,1612916274
central point,30.5544,-91.0368,73.4,56,90,3.44,US,1612916220
manjacaze,-24.7117,33.8828,74.5,95,15,3.38,MZ,1612916479
faanui,-16.4833,-151.75,81.95,72,0,12.21,PF,1612916480
meulaboh,4.1363,96.1285,77.41,84,42,3.96,ID,1612916480
iqaluit,63.7506,-68.5145,3.0,78,20,2.3,CA,1612916119
durazno,-33.4131,-56.5006,67.35,85,12,13.67,UY,1612916307
smithers,54.7804,-127.1743,-2.2,50,75,9.22,CA,1612916657
peace river,48.3083,38.0721,31.17,98,94,10.56,UA,1612916481
shiyan,32.6475,110.7781,44.35,61,82,1.83,CN,1612916481
mayumba,-3.432,10.6554,76.55,85,99,3.04,GA,1612916658
yatou,37.15,122.3833,37.06,81,8,8.77,CN,1612916482
pevek,69.7008,170.3133,-4.31,74,0,2.82,RU,1612916115
kuytun,54.3419,101.5036,7.77,91,100,2.42,RU,1612916482
yellowknife,62.456,-114.3525,-4.0,77,75,12.66,CA,1612916003
taltal,-25.4,-70.4833,67.14,73,27,5.03,CL,1612916189
bubaque,11.2833,-15.8333,77.38,68,95,15.86,GW,1612916483
arraial do cabo,-22.8362,-46.646,72.0,68,0,19.57,BR,1612916103
preobrazheniye,42.9019,133.9064,20.89,88,7,9.08,RU,1612916484
mahebourg,-20.4081,57.7,77.0,83,40,1.14,MU,1612916484
half moon bay,6.3807,-10.6953,77.0,100,75,5.01,LR,1612916484
ampanihy,-24.7,44.75,71.29,96,100,6.49,MG,1612916285
linguere,15.3953,-15.1193,71.6,30,0,4.61,SN,1612916484
bathsheba,13.2167,-59.5167,77.0,69,40,16.11,BB,1612916170
hovd,48.0056,91.6419,22.06,91,30,2.33,MN,1612916661
hilo,19.7297,-155.09,73.4,73,90,12.66,US,1612916485
cabo san lucas,-8.2833,-35.0333,78.8,69,20,9.22,BR,1612916105
vao,-22.6667,167.4833,77.76,80,2,12.75,NC,1612916486
krasnoselkup,65.7,82.4667,-13.67,89,100,14.88,RU,1612916244
norman wells,35.2226,-97.4395,21.0,100,90,10.36,US,1612916142
leninsk,48.7119,45.1994,33.8,93,90,11.18,RU,1612916487
nikolskoye,59.7035,30.7861,3.99,84,100,2.24,RU,1612916109
new norfolk,6.6518,-10.5932,77.0,100,75,2.59,LR,1612915998
berlevag,70.8578,29.0864,22.42,87,100,18.19,NO,1612916487
bambanglipuro,-7.95,110.2833,78.19,83,100,2.91,ID,1612916191
ranong,9.9658,98.6348,75.2,94,0,2.3,TH,1612916488
galle,6.0367,80.217,74.19,87,84,3.15,LK,1612916664
springbok,-29.6643,17.8865,71.4,39,0,3.87,ZA,1612916489
petropavlovsk-kamchatskiy,53.0452,158.6483,26.6,100,90,4.47,RU,1612916442
basar,27.9833,94.6667,55.4,88,20,4.61,IN,1612916489
praia grande,14.9215,-23.5087,68.0,77,0,11.5,CV,1612916489
narsaq,60.9167,-46.05,33.8,27,34,37.98,GL,1612916490
abha,18.2164,42.5053,46.4,87,0,4.54,SA,1612916490
durango,24.8333,-104.8333,71.78,19,0,13.89,MX,1612916490
kaitangata,-46.2817,169.8464,55.99,87,100,4.0,NZ,1612916136
saint-philippe,-21.3585,55.7679,77.0,69,0,5.75,RE,1612916491
vaini,-21.2,-175.2,78.8,94,90,19.57,TO,1612916263
belmonte,-15.8631,-38.8828,75.2,88,40,9.35,BR,1612916491
khatanga,71.9667,102.5,-14.58,84,0,7.99,RU,1612916491
shingu,33.7333,135.9833,44.6,53,20,14.97,JP,1612916146
bengkulu,-3.8004,102.2655,75.69,85,95,5.01,ID,1612916476
saskylakh,71.9167,114.0833,-24.48,83,0,9.06,RU,1612916104
katsuura,35.1333,140.3,46.99,32,39,4.0,JP,1612916098
teknaf,20.8624,92.3058,63.05,56,0,4.88,BD,1612916493
necochea,-38.5473,-58.7368,61.0,84,11,3.0,AR,1612916493
carnarvon,-24.8667,113.6333,75.2,88,0,24.16,AU,1612916493
taoudenni,22.6783,-3.9836,65.17,24,0,9.71,ML,1612916163
salalah,17.0151,54.0924,77.0,38,0,10.36,OM,1612916494
gamba,-2.65,10.0,76.35,89,100,3.91,GA,1612916494
glendive,47.1053,-104.7125,-4.0,54,1,14.97,US,1612916494
french harbor,46.288,-96.2017,-4.0,77,1,4.61,US,1612916495
raymondville,26.4815,-97.7831,75.2,78,1,14.97,US,1612916443
churapcha,62.0025,132.4325,-22.95,84,20,3.71,RU,1612916495
barcelos,41.5388,-8.6151,55.4,82,75,10.36,PT,1612916496
provideniya,64.3833,-173.3,-0.4,65,0,26.84,RU,1612916496
lavrentiya,65.5833,-171.0,-10.53,78,0,15.55,RU,1612916197
avarua,-21.2078,-159.775,86.0,70,20,5.75,CK,1612916090
byron bay,44.0327,-92.6455,6.8,72,1,4.61,US,1612916496
nawabganj,24.5911,88.271,58.03,51,12,2.75,BD,1612916497
maceio,-9.6658,-35.7353,75.2,88,0,4.61,BR,1612916673
guiren,33.6697,118.1889,40.37,84,100,5.12,CN,1612916497
tadine,-21.55,167.8833,81.95,72,0,12.37,NC,1612916673
west bay,31.8024,-97.0917,44.6,65,75,8.05,US,1612916139
jaguaruna,-28.615,-49.0256,71.58,90,100,5.91,BR,1612916498
ribeira grande,42.7461,-8.4439,50.0,87,75,12.66,ES,1612916136
hofn,64.2539,-15.2082,31.86,95,100,9.86,IS,1612916498
cherskiy,68.75,161.3,-3.14,84,2,2.68,RU,1612916499
ruhengeri,-1.4998,29.635,58.41,72,94,1.01,RW,1612916499
pemangkat,1.1667,108.9667,77.45,89,92,5.86,ID,1612916675
erdenet,49.0333,104.0833,18.77,82,83,2.01,MN,1612916675
araouane,18.9048,-3.5265,68.38,19,28,10.58,ML,1612916499
santa maria,17.486,120.4348,77.02,71,99,4.21,PH,1612916552
luganville,-15.5333,167.1667,85.37,63,88,2.77,VU,1612916251
cockburn town,-32.0833,141.0,86.0,26,0,5.75,AU,1612916500
aksu,41.1231,80.2644,27.9,88,76,2.93,CN,1612916201
naze,28.3667,129.4833,60.8,63,75,8.05,JP,1612916154
mackay,-21.15,149.2,86.0,66,40,13.8,AU,1612916226
uberherrn,49.2419,6.6984,23.0,84,72,1.01,DE,1612916501
kargasok,59.0556,80.8572,-7.4,90,100,8.66,RU,1612916501
olafsvik,64.8945,-23.7142,28.58,94,100,20.65,IS,1612916202
coquimbo,-29.9533,-71.3436,62.6,82,40,9.22,CL,1612916502
madingou,-4.1536,13.55,71.53,93,100,0.45,CG,1612916502
cidreira,-30.1811,-50.2056,74.75,81,3,18.9,BR,1612916502
san cristobal,13.3034,-4.8956,76.87,18,0,8.25,ML,1612915885
quelimane,-17.8786,36.8883,78.8,78,0,4.61,MZ,1612916678
mount gambier,53.6597,-1.8537,30.0,87,73,1.99,GB,1612916205
shar,49.5886,81.0453,-8.21,84,0,8.93,KZ,1612916503
avera,33.194,-82.5271,62.6,94,90,3.85,US,1612916679
peniche,39.3558,-9.3811,59.0,79,85,21.99,PT,1612916504
formosa do rio preto,-26.1775,-58.1781,71.6,83,75,13.8,AR,1612916679
iwaki,37.05,140.8833,42.01,53,5,1.01,JP,1612916504
diapaga,12.0708,1.7889,74.16,15,0,6.49,BF,1612916505
lons,43.3167,-0.4,44.6,81,75,2.3,FR,1612916505
muravlenko,63.7898,74.523,-16.73,89,100,10.96,RU,1612916275
comodoro rivadavia,-13.6631,-59.7858,72.28,70,46,4.07,BR,1612916287
superior,46.7208,-92.1041,3.2,43,1,10.36,US,1612916506
grand river south east,38.8755,-109.5012,55.0,28,90,8.05,US,1612916122
mongo,12.1844,18.693,65.41,23,30,6.8,TD,1612916506
bethel,41.3712,-73.414,25.0,86,1,4.16,US,1612916123
airai,-8.9266,125.4092,67.93,91,100,2.44,TL,1612916507
beringovskiy,63.05,179.3167,-7.92,90,98,12.82,RU,1612916244
izhma,65.0083,53.9113,-11.6,89,100,3.91,RU,1612916468
hasaki,35.7333,140.8333,41.0,42,40,4.61,JP,1612916508
tula,54.2044,37.6111,5.29,94,100,6.11,RU,1612916508
baruun-urt,46.6806,113.2792,8.78,90,62,10.89,MN,1612916508
klaksvik,62.2266,-6.589,28.4,74,95,9.22,FO,1612916137
bandarbeyla,9.4942,50.8122,73.81,73,93,20.13,SO,1612916153
sovetskaya gavan,44.7769,41.1722,45.28,73,15,4.97,RU,1612916509
esperance,-33.8667,121.9,60.8,82,0,5.75,AU,1612916110
hambantota,6.1241,81.1185,73.58,74,74,17.6,LK,1612916301
kuliyapitiya,7.4688,80.0401,73.4,73,0,9.22,LK,1612916510
helena,46.5927,-112.0361,-2.99,71,90,3.44,US,1612916510
cabra,37.4725,-4.4421,53.01,76,97,7.0,ES,1612916510
yerbogachen,61.2767,108.0108,6.57,93,68,9.55,RU,1612915929
tuktoyaktuk,69.4541,-133.0374,-36.4,67,20,8.05,CA,1612916101
arco,45.9177,10.8867,44.01,100,97,2.84,IT,1612916429
gizo,-8.103,156.8419,84.81,70,64,7.83,SB,1612916512
hohhot,40.8106,111.6522,12.2,67,0,4.47,CN,1612916512
altamira,-3.2033,-52.2064,73.35,97,100,3.87,BR,1612916687
kisangani,0.5167,25.2,71.71,51,93,0.43,CD,1612916687
maningrida,-12.0667,134.2667,84.0,74,92,8.39,AU,1612916512
banda aceh,25.4833,80.3333,57.92,54,100,2.1,IN,1612916513
souillac,-20.5167,57.5167,77.0,83,40,1.14,MU,1612916513
baykit,61.67,96.37,-4.31,86,100,6.64,RU,1612916138
sitka,57.0531,-135.33,15.8,45,1,19.57,US,1612916167
severo-kurilsk,50.6789,156.125,27.14,92,100,15.75,RU,1612916514
ambilobe,-13.2,49.05,74.5,91,100,1.43,MG,1612916191
nishihara,26.1842,127.7558,64.4,59,75,4.61,JP,1612916140
siniscola,40.5719,9.6922,59.0,67,0,11.5,IT,1612916515
seoni malwa,22.0833,79.5333,56.95,37,13,2.01,IN,1612916515
craig,40.5153,-107.5464,35.6,80,90,4.61,US,1612916515
hamilton,39.1834,-84.5333,27.0,74,90,9.22,US,1612916021
witu,-2.3889,40.4382,78.8,83,1,3.87,KE,1612916516
tahe,52.3333,124.7333,4.62,92,80,1.88,CN,1612916516
ruwi,23.5996,58.5507,66.2,88,100,5.75,OM,1612916516
odenthal,51.0348,7.1182,17.01,73,0,6.91,DE,1612916516
levelland,33.5873,-102.378,39.2,56,20,17.27,US,1612916517
balakovo,52.0278,47.8007,3.36,94,100,13.04,RU,1612916517
bereda,43.2686,-7.5406,45.0,100,100,8.01,ES,1612916517
christchurch,-43.5333,172.6333,71.01,68,20,6.91,NZ,1612916518
singaparna,-7.3515,108.111,73.69,85,75,1.05,ID,1612916518
whithorn,18.2604,-78.0378,80.6,69,20,5.75,JM,1612916518
ilulissat,69.2167,-51.1,17.6,45,0,11.5,GL,1612916519
akyab,20.15,92.9,64.02,58,12,7.61,MM,1612916519
aquiraz,-3.9014,-38.3911,82.4,78,40,8.05,BR,1612916193
saldanha,-33.0117,17.9442,64.4,82,0,9.22,ZA,1612916173
hastings,50.8552,0.5729,30.99,65,76,4.0,GB,1612916303
farafangana,-22.8167,47.8333,76.03,88,100,8.61,MG,1612916520
tasiilaq,65.6145,-37.6368,15.8,57,90,12.66,GL,1612916520
luderitz,-26.6481,15.1594,67.3,72,0,12.26,NA,1612916520
alekseyevsk,57.8406,108.3492,13.48,93,100,9.13,RU,1612916521
lasa,46.6166,10.7002,41.0,86,75,3.44,IT,1612916695
tulagi,-9.0996,160.1476,84.11,74,30,15.35,SB,1612916521
mponela,-13.5319,33.7401,63.14,94,93,1.41,MW,1612916522
wanaka,-44.7,169.15,55.36,63,87,8.57,NZ,1612916522
buwenge,0.6422,33.1744,67.19,86,73,1.81,UG,1612916522
independence,39.0911,-94.4155,14.0,72,90,6.91,US,1612916522
aitape,-3.1374,142.3475,84.74,69,84,2.28,PG,1612916523
mormugao,15.4,73.8,71.6,64,0,4.61,IN,1612916523
srednekolymsk,67.45,153.6833,-10.93,88,0,7.31,RU,1612916198
prainha,-1.8,-53.48,75.94,91,94,5.35,BR,1612916523
tocopilla,-22.092,-70.1979,68.7,74,31,7.27,CL,1612916524
chumikan,54.7183,135.315,-2.34,85,71,20.62,RU,1612916697
alyangula,-13.8483,136.4192,84.2,84,90,9.22,AU,1612916158
vestmannaeyjar,63.4427,-20.2734,38.61,75,100,12.35,IS,1612916194
abu samrah,24.6,72.7,49.28,50,97,1.77,IN,1612916074
conde,-7.2597,-34.9075,80.6,83,20,6.91,BR,1612916698
lagoa,39.05,-27.9833,59.18,88,100,15.9,PT,1612916152
rio gallegos,38.3,21.7833,59.0,82,20,3.44,GR,1612916347
longyearbyen,78.2186,15.6401,17.6,86,75,3.44,SJ,1612916128
scarborough,54.2797,-0.4044,33.01,62,87,7.0,GB,1612916699
yar-sale,66.8333,70.8333,-21.37,87,17,11.23,RU,1612916224
nongan,44.382,125.1685,15.8,73,36,6.71,CN,1612916527
green river,40.9459,-81.4832,23.0,74,90,5.75,US,1612916527
malakal,9.5334,31.6605,75.94,25,45,5.53,SS,1612916527
storforshei,66.4043,14.5233,10.0,82,5,3.0,NO,1612916527
kuah,6.3265,99.8432,78.8,83,20,3.44,MY,1612916528
misratah,32.3754,15.0925,63.21,49,0,5.37,LY,1612916228
richards bay,46.8361,-95.9123,-5.8,77,75,9.22,US,1612916528
pacifica,37.6138,-122.4869,57.2,87,1,10.42,US,1612916528
geraldton,-28.7667,114.6,68.0,77,40,19.57,AU,1612916529
bonfim,3.0833,-59.95,83.71,50,64,9.17,BR,1612916529
horasan,40.0458,42.1728,25.43,94,12,1.61,TR,1612916702
san alberto,13.3034,-4.8956,76.87,18,0,8.25,ML,1612916288
debre birhan,41.525,20.5275,53.6,82,90,6.91,MK,1612916530
belvedere marittimo,33.531,-81.9448,64.4,72,90,4.61,US,1612916530
prince rupert,52.9669,-108.3847,-14.8,64,20,17.27,CA,1612916530
acapulco,16.8634,-99.8901,82.4,69,1,5.75,MX,1612916245
marsh harbour,53.6512,-1.8078,30.99,87,78,1.99,GB,1612916164
knysna,-34.0363,23.0471,68.0,83,90,4.61,ZA,1612916348
tuma,55.148,40.5537,7.52,95,100,7.52,RU,1612916531
coihaique,-45.5752,-72.0662,78.8,38,0,3.58,CL,1612916314
annonay,45.2397,4.6708,46.4,71,90,8.05,FR,1612916532
atar,20.5169,-13.0499,63.64,27,1,8.01,MR,1612916192
puerto ayacucho,36.5939,-6.233,57.2,100,75,16.11,ES,1612916532
muros,42.7762,-9.0603,50.0,86,93,1.01,ES,1612916178
neiafu,-18.65,-173.9833,80.6,89,75,12.66,TO,1612916266
kupang,-10.1667,123.5833,80.6,100,75,3.44,ID,1612916533
rosarito,32.3333,-117.0333,60.8,72,75,12.66,MX,1612916533
vanimo,-2.6741,141.3028,84.96,65,62,2.19,PG,1612916706
lewistown,40.5992,-77.5714,33.01,86,75,5.75,US,1612916533
ahipara,-35.1667,173.1667,67.32,94,100,2.89,NZ,1612916193
svetlogorsk,52.6333,29.7333,8.11,96,87,4.61,BY,1612916534
tautira,-17.7333,-149.15,77.0,78,75,9.22,PF,1612916184
pacific grove,38.482,-90.7415,21.99,84,100,6.26,US,1612916230
shenjiamen,29.9576,122.298,50.36,82,100,8.9,CN,1612916535
hay river,52.0705,-3.1274,30.0,78,94,5.01,GB,1612916211
lompoc,34.6391,-120.4579,55.4,71,75,11.5,US,1612916536
ostrovnoy,68.0531,39.5131,4.3,92,93,16.64,RU,1612916133
puerto madryn,36.5939,-6.233,57.2,100,75,16.11,ES,1612916587
dutse,11.7594,9.3392,68.68,22,24,8.01,NG,1612916537
sur,22.5667,59.5289,68.83,70,100,9.19,OM,1612916537
gweta,-20.1833,25.2333,71.6,79,100,7.94,BW,1612916537
itarema,-2.9248,-39.9167,77.29,88,100,4.59,BR,1612916182
eureka,40.8021,-124.1637,52.0,78,100,4.47,US,1612916367
tarakan,3.3,117.6333,77.0,100,75,5.75,ID,1612916538
cimahi,-6.8722,107.5425,71.35,83,99,2.33,ID,1612916538
gubkinskiy,64.434,76.5026,-14.04,89,98,11.61,RU,1612916538
oxford,51.7522,-1.256,30.2,80,90,11.5,GB,1612916255
rundu,-17.9333,19.7667,69.13,89,100,7.99,NA,1612916539
nelson bay,-41.2833,173.2833,72.0,59,9,3.0,NZ,1612916539
sarnen,46.8985,8.2507,34.0,93,90,3.09,CH,1612916539
tuatapere,-46.1333,167.6833,56.82,72,94,7.81,NZ,1612916539
abay,49.6311,72.8539,-9.4,77,98,15.66,KZ,1612916387
ust-karsk,52.7011,118.8077,1.83,90,82,1.77,RU,1612916540
turinsk,58.0458,63.696,-19.98,87,84,6.76,RU,1612916540
ginda,30.6945,78.4932,45.14,44,30,6.93,IN,1612916540
donskoy,53.9711,38.3363,4.73,95,100,7.25,RU,1612916541
natal,-5.795,-35.2094,82.4,78,40,11.5,BR,1612916541
pozo colorado,22.4497,-80.1794,80.6,88,40,12.66,CU,1612916236
port macquarie,-7.0349,29.7638,73.94,73,100,4.0,CD,1612916714
port lincoln,-7.0349,29.7638,73.94,73,100,4.0,CD,1612916714
port augusta,-7.0349,29.7638,73.94,73,100,4.0,CD,1612916542
lahaina,20.8783,-156.6825,77.0,46,20,23.02,US,1612916542
mayo,38.8876,-76.5119,42.01,75,90,6.91,US,1612916231
odweyne,9.4092,45.064,64.06,42,79,22.44,SO,1612916543
amapa,1.0,-52.0,72.66,97,99,4.32,BR,1612916543
kataysk,56.289,62.5841,-17.54,86,99,8.16,RU,1612916543
tual,-5.6667,132.75,83.57,77,97,17.83,ID,1612916543
tahta,26.7693,31.5021,59.0,41,0,4.61,EG,1612916544
boma,7.0805,-2.1697,76.21,81,32,4.12,GH,1612916544
kayerkan,69.3497,87.7602,-11.52,90,100,2.73,RU,1612916544
touros,-5.1989,-35.4608,80.6,78,40,9.22,BR,1612916544
inhambane,-23.865,35.3833,78.69,85,16,10.02,MZ,1612916717
kortkeros,61.8106,51.5806,-20.2,83,40,6.71,RU,1612916545
mogilno,52.6581,17.9558,18.0,86,75,2.3,PL,1612916545
fare,-16.7,-151.0167,82.31,72,0,12.39,PF,1612916272
yulara,-25.2406,130.9889,89.6,48,17,11.5,AU,1612916545
marsa matruh,35.8792,14.4953,57.99,88,0,6.91,MT,1612916118
miles city,35.1855,-120.7032,59.0,67,90,10.36,US,1612916546
cairns,-16.9167,145.7667,86.0,70,40,5.75,AU,1612916719
hami,42.8,93.45,32.72,80,61,6.15,CN,1612916547
aksarka,66.5606,67.7975,-27.58,83,7,3.09,RU,1612916547
saint-augustin,51.226,-58.6502,19.26,97,100,13.18,CA,1612916547
homer,59.6425,-151.5483,26.01,68,90,4.61,US,1612916377
nueva helvecia,-1.7167,-79.8333,82.4,78,75,9.22,EC,1612916548
swan hill,18.2242,121.3791,70.61,93,100,1.03,PH,1612916548
pregassona,46.0202,8.9743,44.01,87,75,2.3,CH,1612916548
deputatskiy,69.3,139.9,-23.69,88,41,1.97,RU,1612916721
lorengau,-2.0226,147.2712,84.76,72,100,5.88,PG,1612916170
khurai,24.0436,78.3319,58.41,36,13,3.0,IN,1612916549
santa isabel do rio negro,17.486,120.4348,76.69,69,100,6.58,PH,1612916340
chenzhou,25.8,113.0333,50.52,90,100,1.97,CN,1612916549
bibiani,6.4635,-2.3194,74.37,92,7,1.48,GH,1612916550
kudahuvadhoo,2.6708,72.8944,80.96,76,26,13.94,MV,1612916146
nanortalik,60.1432,-45.2371,26.78,87,53,16.04,GL,1612916455
portland,45.5234,-122.6762,46.99,46,20,6.91,US,1612916067
whitehorse,60.7161,-135.0538,-17.0,68,20,4.07,CA,1612916384
tura,25.5198,90.2201,57.85,41,17,2.86,IN,1612916551
ostersund,63.1792,14.6357,14.0,92,90,5.75,SE,1612916723
xiongyue,40.1774,122.1228,32.72,91,0,6.78,CN,1612916552
arman,59.7,150.1667,15.39,88,100,18.9,RU,1612916552
santa barbara,17.486,120.4348,77.02,71,99,4.21,PH,1612916552
otofuke,42.9917,143.2003,17.6,53,20,1.14,JP,1612916552
lilongwe,-13.9669,33.7873,67.5,86,100,1.95,MW,1612916553
saint-pierre,-21.3393,55.4781,77.0,69,0,5.75,RE,1612916725
paamiut,61.994,-49.6678,29.07,85,99,10.42,GL,1612916553
ponta do sol,38.7333,-28.2667,54.95,98,100,13.49,PT,1612916725
teguldet,57.3064,88.1667,-2.7,91,100,9.71,RU,1612916471
namuac,18.6109,121.1657,73.24,86,100,16.33,PH,1612916382
ambon,-3.6954,128.1814,87.8,70,20,2.3,ID,1612916515
sao gabriel da cachoeira,20.5113,76.2129,62.15,27,10,2.8,IN,1612916475
sao simao,20.5113,76.2129,62.15,27,10,2.8,IN,1612916478
port moresby,-7.0349,29.7638,73.94,73,100,4.0,CD,1612916555
landsberg,52.7368,15.2288,19.0,68,67,1.54,PL,1612916555
alice springs,27.7523,-98.0697,78.8,69,1,14.97,US,1612916134
pombia,45.653,8.6336,45.0,100,75,3.44,IT,1612916556
vila franca do campo,42.0304,-8.1588,45.0,95,99,18.01,PT,1612916208
kavieng,-2.5744,150.7967,84.13,77,99,9.57,PG,1612916728
samarai,-10.6167,150.6667,85.05,66,100,4.05,PG,1612916556
buraydah,26.326,43.975,48.2,87,57,3.44,SA,1612916557
aykhal,66.0,111.5,-18.49,86,100,8.99,RU,1612916344
sembe,1.6481,14.5806,73.56,79,97,3.76,CG,1612916557
ekhabi,53.5102,142.9671,12.36,95,69,20.76,RU,1612916558
vanavara,60.34,102.2797,5.95,93,95,10.31,RU,1612916558
palora,-1.7,-77.9333,71.6,88,90,3.44,EC,1612916558
shimoda,34.6667,138.95,46.4,53,75,6.91,JP,1612916730
grand gaube,38.8755,-109.5012,54.0,28,90,8.05,US,1612916558
kralendijk,12.15,-68.2667,78.8,73,0,12.66,BQ,1612916731
alofi,-19.0595,-169.9187,84.2,84,75,10.36,NU,1612916228
salym,60.0625,71.4789,-23.62,86,71,4.94,RU,1612916559
kingaroy,-26.5333,151.8333,77.0,47,40,10.36,AU,1612916560
sayyan,15.1718,44.3244,44.13,72,23,4.65,YE,1612916731
brae,60.3964,-1.353,32.99,84,14,5.48,GB,1612916560
fairbanks,64.8378,-147.7164,-14.8,58,1,4.29,US,1612916491
chara,56.9064,118.2631,8.15,82,100,0.98,RU,1612916203
flinders,-34.5833,150.8552,66.0,89,95,1.01,AU,1612916231
kurumkan,54.3,110.3,11.16,87,89,2.48,RU,1612916561
haicheng,40.8516,122.7475,28.96,92,0,4.45,CN,1612916562
mount isa,53.6597,-1.8537,30.0,87,76,1.99,GB,1612916296
tank,32.2217,70.3793,58.26,36,0,2.48,PK,1612916562
sidi ali,5.0829,19.8781,69.44,23,78,3.15,CF,1612916562
bharatpur,27.2167,77.4833,58.41,51,99,4.25,IN,1612916563
torrelavega,43.3494,-4.0479,48.0,79,98,1.01,ES,1612916563
price,39.5994,-110.8107,42.8,49,20,10.36,US,1612916563
kahului,20.8947,-156.47,77.0,47,20,14.97,US,1612916152
san ramon,13.3034,-4.8956,76.87,18,0,8.25,ML,1612916277
yuancheng,36.652,107.7896,31.64,89,0,2.91,CN,1612916564
tiznit,29.5833,-9.5,54.3,87,32,4.5,MA,1612916564
ludvika,60.1496,15.1878,14.0,85,90,2.3,SE,1612916564
gambela,8.25,34.5833,77.67,32,22,2.71,ET,1612916565
zainsk,55.3195,52.0694,-5.8,84,75,6.71,RU,1612916565
jasper,37.2001,-94.3502,19.99,86,90,10.36,US,1612916565
toktogul,41.8708,72.9402,39.92,72,100,1.43,KG,1612916565
guerrero negro,17.6667,-100.0,74.88,45,41,2.42,MX,1612916156
chardara,41.2547,67.9692,43.92,77,100,6.76,KZ,1612916737
tateyama,34.9833,139.8667,46.4,53,75,6.91,JP,1612916566
kizilskoye,52.7255,58.8937,-7.64,82,35,3.13,RU,1612916566
sirjan,29.452,55.6814,44.98,48,0,3.15,IR,1612916567
chimbote,-9.0853,-78.5783,71.89,80,32,7.02,PE,1612916567
juneau,58.3019,-134.4197,6.8,33,20,19.57,US,1612916171
mabaruma,8.2,-59.7833,72.37,89,64,3.36,GY,1612916567
youkounkoun,12.5333,-13.1333,79.39,17,72,3.18,GN,1612916568
hakkari,37.5833,44.1667,25.61,83,18,1.12,TR,1612916568
yumen,40.2833,97.2,31.93,76,53,15.39,CN,1612916260
aklavik,68.2191,-135.0107,-32.8,68,0,1.14,CA,1612916568
mlonggo,-6.5333,110.7,78.8,94,75,2.3,ID,1612916569
san vicente,13.3034,-4.8956,76.87,18,0,8.25,ML,1612915885
kamariotissa,40.4833,25.4667,57.2,77,20,11.5,GR,1612916569
pangnirtung,66.1451,-65.7125,3.2,92,1,4.12,CA,1612916569
sain alto,30.4157,78.5976,51.87,42,60,4.29,IN,1612916570
anadyr,64.75,177.4833,5.0,56,38,13.42,RU,1612916741
chornyanka,46.6522,33.359,39.33,83,75,8.59,UA,1612916570
kashi,39.4547,75.9797,50.0,22,20,13.42,CN,1612916570
manzanillo,20.3433,-77.1167,78.04,72,94,1.23,CU,1612916571
kholmogory,64.2229,41.656,-4.0,84,90,2.17,RU,1612916571
sidney,-33.8679,151.2073,72.0,56,40,12.66,AU,1612916326
okara,30.8081,73.4458,50.85,54,0,6.22,PK,1612916571
cayenne,4.9333,-52.3333,78.8,73,20,8.05,GF,1612916572
esil,51.9556,66.4042,-21.62,86,2,7.9,KZ,1612916572
lagunas,-5.2269,-75.6753,78.96,80,25,2.37,PE,1612916572
nuuk,64.1835,-51.7216,26.6,86,75,10.36,GL,1612916743
tucano,-10.9631,-38.7867,75.92,65,75,11.65,BR,1612916572
shubarshi,48.5872,57.1869,-5.53,85,19,7.92,KZ,1612916573
mahibadhoo,3.7833,72.9667,80.85,74,50,12.8,MV,1612916573
bage,-31.3314,-54.1069,68.0,88,0,5.75,BR,1612916461
birjand,32.8663,59.2211,32.0,43,0,9.22,IR,1612916573
yashan,22.1975,109.9419,58.39,90,68,5.84,CN,1612916574
katherine,-14.4667,132.2667,82.4,69,61,2.3,AU,1612916745
becerril,9.7041,-73.2793,83.08,56,36,9.66,CO,1612916574
puerto escondido,36.5939,-6.233,57.2,100,75,16.11,ES,1612916532
salinopolis,-0.6136,-47.3561,79.61,86,99,10.36,BR,1612916575
buchanan,5.8808,-10.0467,77.0,100,75,6.31,LR,1612916521
ranau,5.9538,116.6641,78.8,83,20,2.3,MY,1612916575
waterfoot,53.6929,-2.2525,30.0,83,2,11.99,GB,1612916575
paignton,50.4357,-3.5679,33.01,76,100,15.99,GB,1612916576
bunbury,-33.3333,115.6333,59.0,72,64,7.0,AU,1612916577
kieta,-6.2167,155.6333,84.54,75,57,9.06,PG,1612916209
itaocara,-21.6692,-42.0761,69.66,91,64,2.48,BR,1612916577
camacha,33.0833,-16.3333,60.8,88,40,4.61,PT,1612916577
sungaipenuh,-2.0833,101.3833,65.03,85,80,1.39,ID,1612916577
wairoa,-39.0333,177.3667,77.0,60,98,4.0,NZ,1612916578
prabumulih,-3.45,104.25,74.91,97,100,1.74,ID,1612916578
dingle,10.9995,122.6711,78.12,88,89,3.85,PH,1612916257
payakumbuh,-0.2202,100.6308,69.28,87,78,2.06,ID,1612916253
batangafo,7.3008,18.2833,67.39,23,48,2.71,CF,1612916579
san-pedro,4.7485,-6.6363,78.44,90,83,5.21,CI,1612916579
fort nelson,52.6517,6.3861,21.99,83,48,5.46,NL,1612916750
melbourne,28.0836,-80.6081,70.0,100,40,8.05,US,1612916503
panama city,9.0,-80.0,84.2,61,20,6.91,PA,1612916465
abapo,-18.8333,-63.4667,60.39,100,100,3.51,BO,1612916580
pallasovka,50.05,46.8833,16.07,96,100,18.81,RU,1612916580
balkhash,46.844,74.9804,-2.87,88,0,2.71,KZ,1612916581
muli,2.9167,73.5667,81.14,77,15,14.72,MV,1612916581
vila velha,42.0304,-8.1588,45.0,95,99,18.01,PT,1612916208
waipawa,-41.4122,175.5153,66.2,68,20,25.32,NZ,1612916581
mazagao,-0.115,-51.2894,77.0,94,90,11.5,BR,1612916582
morondava,-20.2833,44.2833,77.94,90,100,11.74,MG,1612916752
eaton socon,42.6,-84.85,14.0,73,90,3.44,US,1612916582
kalmunai,7.4167,81.8167,72.7,79,79,8.16,LK,1612916582
madimba,-10.4,40.3333,77.0,100,75,9.22,TZ,1612916583
riachao do dantas,-7.3619,-46.6172,72.95,90,77,3.69,BR,1612916583
kavaratti,10.5669,72.642,80.83,68,0,9.22,IN,1612916583
adrar,20.5022,-10.0711,63.45,25,56,9.01,MR,1612916220
djambala,-2.5447,14.7533,69.57,93,100,6.46,CG,1612916583
san jeronimo,13.3034,-4.8956,76.87,18,0,8.25,ML,1612916587
udachnyy,66.4167,112.4,-25.37,82,46,6.62,RU,1612916584
trelleborg,55.3751,13.1569,23.0,79,75,13.8,SE,1612916308
miranda,3.2499,-76.2281,78.8,65,75,6.91,CO,1612916584
namibe,-15.1961,12.1522,71.37,77,89,4.03,AO,1612916585
shache,38.4167,77.2406,38.46,66,65,5.5,CN,1612916585
saint-francois,46.4154,3.9054,37.4,100,75,2.3,FR,1612916755
pachora,20.6667,75.35,64.92,26,46,2.15,IN,1612916585
stykkisholmur,65.0757,-22.7297,25.45,94,100,14.43,IS,1612916586
leningradskiy,69.3833,178.4167,-25.56,83,53,11.07,RU,1612916756
ruiru,-1.1606,36.9567,62.6,88,75,5.75,KE,1612916586
nizhniy tagil-39,45.3926,39.2364,37.4,93,0,2.24,RU,1612916586
skole,49.0372,23.5135,27.0,86,100,2.46,UA,1612916586
rio branco,38.3,21.7833,59.0,82,20,3.44,GR,1612916587
puerto palomas,36.5939,-6.233,57.2,100,75,16.11,ES,1612916587
tiarei,-17.5333,-149.3333,77.0,78,75,9.22,PF,1612916757
boden,65.8252,21.6886,-0.4,85,34,2.3,SE,1612916587
faya,18.3851,42.4509,46.4,87,0,4.5,SA,1612916588
rio grande,38.3,21.7833,59.0,82,20,3.44,GR,1612916758
port hardy,-7.0349,29.7638,73.94,73,100,4.0,CD,1612916145
jumla,29.2747,82.1838,44.92,50,100,5.28,NP,1612916286
igarka,67.4667,86.5833,1.4,94,99,6.51,RU,1612916588
kidal,18.4411,1.4078,68.34,21,30,4.72,ML,1612916589
nunkini,20.3333,-90.1833,86.0,58,40,17.27,MX,1612916589
marrakesh,31.6315,-8.0083,55.4,88,75,2.3,MA,1612916537
grindavik,63.8424,-22.4338,32.0,100,90,4.61,IS,1612916292
arlit,18.7369,7.3853,70.38,19,16,10.54,NE,1612916760
emba,48.8264,58.1442,-5.85,82,40,7.54,KZ,1612916279
karratha,-20.7377,116.8463,84.4,45,2,20.47,AU,1612916590
dudinka,69.4058,86.1778,-19.73,87,87,7.36,RU,1612916590
tabas,33.5959,56.9244,48.2,43,18,4.61,IR,1612916591
anori,-3.7728,-61.6442,75.78,98,100,2.1,BR,1612916591
chapais,49.7834,-74.8492,5.0,85,75,3.44,CA,1612916761
namatanai,-3.6667,152.4333,83.91,73,97,4.41,PG,1612916241
batticaloa,7.7102,81.6924,74.48,76,99,9.93,LK,1612916591
kabalo,-6.05,26.9167,70.65,94,100,2.17,CD,1612916592
skelleftea,64.7507,20.9528,8.6,92,90,3.44,SE,1612916592
lethem,3.3803,-59.7968,83.28,51,60,9.51,GY,1612916592
santa ines,17.486,120.4348,77.02,71,99,4.21,PH,1612916552
kjollefjord,70.9457,27.3465,21.69,88,100,18.68,NO,1612916593
nanakuli,21.3906,-158.1547,78.8,41,1,8.05,US,1612916763
salta,-24.7859,-65.4117,60.8,94,90,2.3,AR,1612916594
belaya gora,49.029,25.7706,28.54,98,100,3.98,UA,1612916229
otaki,-40.7583,175.15,62.01,93,87,7.0,NZ,1612916594
padang,-0.9492,100.3543,75.2,94,20,4.61,ID,1612916594
huaiyin,33.5886,119.0192,39.24,80,96,5.01,CN,1612916594
isla vista,15.8939,120.3036,75.42,77,98,10.36,PH,1612916764
ankang,32.68,109.0172,45.41,64,12,1.66,CN,1612916765
guarapari,-20.6667,-40.4975,71.6,94,0,5.53,BR,1612916595
whitianga,-36.8333,175.7,71.01,94,100,5.99,NZ,1612916595
dali,25.7,100.1833,37.15,83,0,1.16,CN,1612916596
southend-on-sea,51.5378,0.7143,33.01,69,75,14.97,GB,1612916596
hirara,24.8,125.2833,68.0,64,75,13.8,JP,1612916766
palmer,42.1584,-72.3287,23.0,93,75,4.61,US,1612916597
banepa,27.6298,85.5214,44.6,93,75,1.66,NP,1612916597
borisoglebskiy,57.2586,39.1508,6.8,78,75,8.95,RU,1612916597
khao yoi,12.3574,102.4387,78.01,66,19,6.55,TH,1612916598
turukhansk,65.8167,87.9833,-0.98,92,99,13.4,RU,1612916598
chifeng,42.2683,118.9636,16.92,89,9,8.14,CN,1612916598
constitucion,-35.3333,-72.4167,61.48,87,10,2.89,CL,1612916768
brightwater,-41.3833,173.1167,72.0,59,5,3.0,NZ,1612916599
chimbarongo,-34.7,-71.05,77.0,57,33,8.05,CL,1612916599
sibolga,1.7427,98.7792,77.45,78,94,3.31,ID,1612916600
kokkola,63.8385,23.1307,8.01,92,0,4.61,FI,1612916600
chinhoyi,-17.3667,30.2,63.88,93,100,8.61,ZW,1612916600
beisfjord,68.3751,17.5988,-4.0,77,19,3.44,NO,1612916600
ishigaki,24.3448,124.1572,69.8,73,75,18.41,JP,1612916600
sao felix do xingu,20.5113,76.2129,61.68,28,22,3.83,IN,1612916770
miandrivazo,-19.5167,45.4667,75.74,88,100,4.09,MG,1612916601
emerald,-23.5333,148.1667,78.8,65,90,11.5,AU,1612916770
neryungri,56.6709,124.6491,-2.74,87,55,3.87,RU,1612916601
sterling,39.0062,-77.4286,39.99,65,75,8.05,US,1612916336
